username,password,firstname,lastname,email
user1,User1234!,User,1,user1@example.com
user2,User1234!,User,2,user2@example.com
user3,User1234!,User,3,user3@example.com
user4,User1234!,User,4,user4@example.com
user5,User1234!,User,5,user5@example.com
user6,User1234!,User,6,user6@example.com
user7,User1234!,User,7,user7@example.com
user8,User1234!,User,8,user8@example.com
user9,User1234!,User,9,user9@example.com
user10,User1234!,User,10,user10@example.com
user11,User1234!,User,11,user11@example.com
user12,User1234!,User,12,user12@example.com
user13,User1234!,User,13,user13@example.com
user14,User1234!,User,14,user14@example.com
user15,User1234!,User,15,user15@example.com
user16,User1234!,User,16,user16@example.com
user17,User1234!,User,17,user17@example.com
user18,User1234!,User,18,user18@example.com
user19,User1234!,User,19,user19@example.com
user20,User1234!,User,20,user20@example.com
